"CountryCode";"EmployeeCode";"CompanyID";"TaxNo";"TitleTypeID";"FirstName";"SecondName";"KnownAsName";"LastName";"MaritalStatusTypeID";"IDNumber";"IDNumberExpiryDate";"BirthDate";"CityOfBirth";"Gender";"NationalityCountryCode";"CountryOfBirth";"PassportNo";"PassportCountryCode";"Disabled";"RacialGroup";"DateEngaged";"TerminationDate";"TerminationReasonID";"DateJoinedGroup";"LeaveStartDate";"ProbationPeriodEndDate";"AnnualSalary";"PeriodSalary";"RatePerHour";"PensionFundStartDate";"ProvidentFundStartDate";"MedicalStartDate";"ForeignIncome";"TaxStartDate";"UseWork";"UnitPostalNumber";"Complex";"StreetNumber";"StreetFarmName";"SuburbDistrict";"CityTown";"Province";"PostalCode";"CountryCode";"UsePhysical1";"UnitPostalNumber1";"Complex1";"StreetNumber1";"StreetFarmName1";"SuburbDistrict1";"CityTown1";"Province1";"PostalCode1";"CountryCode1";"UsePostal2";"UnitPostalNumber2";"Complex2";"StreetNumber2";"StreetFarmName2";"SuburbDistrict2";"CityTown2";"Province2";"PostalCode2";"CountryCode2";"AccountName";"AccountTypeID";"AccountNo";"BankBranchID";"Ccy";"HOME";"WORK";"FAX";"CELL";"MAIL";"PAYPOINT";"RSCCODE";"Social Security Number - EmployeeGenericStringField1";"NHIF Number - EmployeeGenericStringField7";"NSSF Number - EmployeeGenericStringField8";"NSSF Membership Number - EmployeeGenericStringField1";"PPF Membership Number - EmployeeGenericStringField2"
"GHA";"18031";"CO-0001147";"";"MR";"Temitope";"";"";"Johnson";"";"";"";"1984/08/18";"";"Male";"GHA";"";"";"";"";"";"2018/09/25";"2019/06/05";"W3_GHA_Resigned";"2016/06/01";"2018/09/25";"";"";"";"";"";"";"";"";"2019/03/01";"";"";"";"";"";"";"";"";"";"";"";"";"";"";"";"";"";"";"";"";"";"";"";"";"";"";"";"";"";"";"";"";"";"";"";"";"";"";"";"";"";"";"";"";"";"";""
"ZAF";"056";"CO-0001094";"";"MISS";"Hope";"";"";"Gwalo";"";"";"";"1992/01/13";"";"Female";"ZAF";"";"";"";"";"";"2016/03/11";"2019/05/01";"W3_ZAF_Transfer_to_another_Branch";"2016/03/11";"2016/03/11";"";"";"";"";"";"";"";"";"2019/03/01";"";"";"";"";"";"";"";"";"";"";"";"";"";"";"";"";"";"";"";"";"";"";"";"";"";"";"";"";"";"";"";"";"";"";"";"";"";"";"";"";"L0872";"";"";"";"";"";""
"ZAF";"056";"CO-0001095";"3938331158";"MISS";"Hope";"Jabulisile";"Hope";"Gwalo";"SIN";"9201130381085";"";"1992/01/13";"Johannesburg";"Female";"ZAF";"ZAF";"";"";"FALSE";"";"2019/05/01";"";"";"2016/03/11";"2019/05/01";"";"600000.00";"50000.00";"";"2016/03/11";"2016/03/11";"2019/05/01";"FALSE";"2019/05/01";"TRUE";"";"";"";"31 Brickfield Road";"Cape Town";"Salt River";"Western Cape";"7925";"ZAF";"TRUE";"";"";"Vosloorus";"6715";"Vosloorus";"";"Gauteng";"1475";"ZAF";"";"";"";"";"";"";"";"";"";"";"Hope Gwalo";"DDA";"4084297972";"632005";"ZAR";"";"";"";"";"Hope.Gwalo@mktg.com";"L0871";"Permanent";"";"";"";"";""
"ZAF";"63029250";"CO-0001095";"4536356454";"MR";"Wicus";"";"Wicus";"Swanepoel";"SIN";"9001015231015";"";"1990/01/01";"Cape Town";"Male";"ZAF";"ZAF";"";"";"FALSE";"W3_ZAF_White";"2019/06/06";"";"";"2019/06/06";"2019/06/06";"2019/08/31";"480000.00";"40000.00";"";"2019/06/06";"2019/06/06";"2019/06/06";"FALSE";"2019/06/06";"TRUE";"";"";"";"31 Brickfield Road";"Cape Town";"Salt River";"Western Cape";"7925";"ZAF";"";"";"";"";"";"";"";"";"";"";"";"";"";"";"";"";"";"";"";"";"";"";"";"";"";"";"";"";"";"Wicus.Swanepoel@caratpossibilities.com";"L0871";"Permanent";"";"";"";"";""
