"CountryCode";"EmployeeCode";"CompanyID";"TaxNo";"TitleTypeID";"FirstName";"SecondName";"KnownAsName";"LastName";"MaritalStatusTypeID";"IDNumber";"IDNumberExpiryDate";"BirthDate";"CityOfBirth";"Gender";"NationalityCountryCode";"CountryOfBirth";"PassportNo";"PassportCountryCode";"Disabled";"RacialGroup";"DateEngaged";"TerminationDate";"TerminationReasonID";"DateJoinedGroup";"LeaveStartDate";"ProbationPeriodEndDate";"AnnualSalary";"PeriodSalary";"RatePerHour";"PensionFundStartDate";"ProvidentFundStartDate";"MedicalStartDate";"ForeignIncome";"TaxStartDate";"UseWork";"UnitPostalNumber";"Complex";"StreetNumber";"StreetFarmName";"SuburbDistrict";"CityTown";"Province";"PostalCode";"CountryCode";"UsePhysical1";"UnitPostalNumber1";"Complex1";"StreetNumber1";"StreetFarmName1";"SuburbDistrict1";"CityTown1";"Province1";"PostalCode1";"CountryCode1";"UsePostal2";"UnitPostalNumber2";"Complex2";"StreetNumber2";"StreetFarmName2";"SuburbDistrict2";"CityTown2";"Province2";"PostalCode2";"CountryCode2";"AccountName";"AccountTypeID";"AccountNo";"BankBranchID";"Ccy";"HOME";"WORK";"FAX";"CELL";"MAIL";"PAYPOINT";"RSCCODE";"Social Security Number - EmployeeGenericStringField1";"NHIF Number - EmployeeGenericStringField7";"NSSF Number - EmployeeGenericStringField8";"NSSF Membership Number - EmployeeGenericStringField1";"PPF Membership Number - EmployeeGenericStringField2"
"GHA";"63022098";"CO-0001147";"";"MR";"Tornye";"";"";"Avortri";"";"";"";"1990/05/16";"";"Male";"GHA";"";"";"";"";"";"2018/09/25";"";"";"2018/05/25";"2018/09/25";"2019/08/30";"";"";"";"";"";"";"";"2019/03/01";"";"";"";"";"";"";"";"";"";"";"";"";"";"";"";"";"";"";"";"";"";"";"";"";"";"";"";"";"";"";"";"";"";"";"";"";"";"";"";"";"";"";"";"";"";"";""
"KEN";"63024792";"CO-0001077";"";"MR";"Alex";"";"";"Muiruri";"";"";"";"1989/12/29";"";"Male";"KEN";"";"";"";"";"";"2018/02/07";"2019/06/03";"W3_KEN_Resigned";"2018/02/07";"2018/02/07";"";"";"";"";"";"";"";"";"2019/03/01";"";"";"";"";"";"";"";"";"";"";"";"";"";"";"";"";"";"";"";"";"";"";"";"";"";"";"";"";"";"";"";"";"";"";"";"";"";"";"";"";"";"";"";"";"";"";""
"ZAF";"2305";"CO-0001082";"";"MR";"Mogamat";"";"";"Daniels";"";"";"";"1988/01/06";"";"Male";"ZAF";"";"";"";"";"";"2010/03/01";"2019/05/06";"W3_ZAF_Dismissed";"2010/03/01";"2010/03/01";"";"";"";"";"";"";"";"";"2019/03/01";"";"";"";"";"";"";"";"";"";"";"";"";"";"";"";"";"";"";"";"";"";"";"";"";"";"";"";"";"";"";"";"";"";"";"";"";"";"";"";"";"";"";"";"";"";"";""
"TZA";"16023";"CO-0001079";"";"MR";"Sajidu";"";"";"Kiobya";"";"";"";"1987/08/17";"";"Male";"TZA";"";"";"";"";"";"2018/04/01";"2019/06/03";"W3_TZA_Resigned";"2018/04/01";"2018/04/01";"";"";"";"";"";"";"";"";"2019/03/01";"";"";"";"";"";"";"";"";"";"";"";"";"";"";"";"";"";"";"";"";"";"";"";"";"";"";"";"";"";"";"";"";"";"";"";"";"";"";"";"";"";"";"";"";"";"";""
"ZAF";"054_C15";"CO-0001094";"";"MISS";"Monica";"";"";"Marcjanek";"";"";"";"1985/04/10";"";"Female";"ZAF";"";"";"";"";"";"2015/11/23";"";"";"2015/11/23";"2015/11/23";"";"420000.00";"35000.00";"";"";"";"";"";"2019/03/01";"";"";"";"";"";"";"";"";"";"";"";"";"";"";"";"";"";"";"";"";"";"";"";"";"";"";"";"";"";"";"";"";"";"";"";"";"";"";"";"";"";"";"";"";"";"";""
"GHA";"63022106";"CO-0001146";"";"MR";"Chris";"";"";"Addo";"";"";"";"1977/09/22";"";"Male";"GHA";"";"";"";"";"";"2018/09/25";"2019/05/01";"W3_GHA_Resigned";"2018/06/01";"2018/09/25";"";"";"";"";"";"";"";"";"2019/03/01";"";"";"";"";"";"";"";"";"";"";"";"";"";"";"";"";"";"";"";"";"";"";"";"";"";"";"";"";"";"";"";"";"";"";"";"";"";"";"";"";"";"";"";"";"";"";""
"ZMB";"240003";"CO-0001136";"";"";"Sikota";"";"";"Bones";"";"";"";"1989/11/21";"";"Male";"ZMB";"";"";"";"";"";"2018/01/01";"";"";"2018/01/01";"2018/01/01";"";"1200000.00";"100000.00";"";"";"";"";"";"2019/03/01";"";"";"";"";"";"";"";"";"";"";"";"";"";"";"";"";"";"";"";"";"";"";"";"";"";"";"";"";"";"";"";"";"";"";"";"";"";"";"";"";"";"";"";"";"";"";""
"ZAF";"021_001";"CO-0001095";"";"MRS";"Estelle";"";"";"Dietrich";"";"";"";"1972/02/12";"";"Female";"ZAF";"";"";"";"";"";"2009/05/01";"";"";"2009/05/01";"2009/05/01";"";"240000.00";"20000.00";"";"";"";"";"";"2019/03/01";"";"";"";"";"";"";"";"";"";"";"";"";"";"";"";"";"";"";"";"";"";"";"";"";"";"";"";"";"";"";"";"";"";"";"";"";"";"";"";"";"";"";"";"";"";"";""
"ZAF";"163";"CO-0001095";"";"MISS";"Angela";"";"";"Childs";"";"";"";"1982/09/01";"";"Female";"ZAF";"";"";"";"";"";"2017/11/15";"2019/06/03";"W3_ZAF_Constructive_Dismissal";"2017/11/15";"2017/11/15";"";"";"";"";"";"";"";"";"2019/03/01";"";"";"";"";"";"";"";"";"";"";"";"";"";"";"";"";"";"";"";"";"";"";"";"";"";"";"";"";"";"";"";"";"";"";"";"";"";"";"";"";"";"";"";"";"";"";""
