"CountryCode";"EmployeeCode";"WageTypeCode";"Amount";"Ccy";"OneTimePayment";"Frequency";"EffectiveDate";"End Date"
"KEN";"63029241";"W3_KEN_Cellphone_Allowance";"2000.0000";"KES";"false";"Monthly";"2019/06/04";"2199-12-31"
"KEN";"63029241";"W3_KEN_Parking_Allowance";"5000.0000";"KES";"false";"Monthly";"2019/06/04";"2199-12-31"
"KEN";"63029241";"W3_KEN_Travel_Allowance";"2500.0000";"KES";"false";"Monthly";"2019/06/04";"2199-12-31"
"KEN";"63029247";"W3_KEN_Cellphone_Allowance";"1000.0000";"KES";"false";"Monthly";"2019/06/04";"2199-12-31"
"KEN";"63029247";"W3_KEN_Parking_Allowance";"10000.0000";"KES";"false";"Monthly";"2019/06/04";"2199-12-31"
"KEN";"63029247";"W3_KEN_Travel_Allowance";"5000.0000";"KES";"false";"Monthly";"2019/06/04";"2199-12-31"
"ZMB";"63029245";"W3_ZMB_Education_Allowance";"5500.0000";"ZMW";"false";"Monthly";"2019/06/04";"2199-12-31"
"ZMB";"63029245";"W3_ZMB_General_Allowance";"10000.0000";"ZMW";"false";"Monthly";"2019/06/04";"2199-12-31"
"ZMB";"63029245";"W3_ZMB_Settling_Allowance";"5000.0000";"ZMW";"false";"Monthly";"2019/06/04";"2199-12-31"
