"CountryCode";"EmployeeCode";"WageTypeCode";"Amount";"Ccy";"OneTimePayment";"Frequency";"EffectiveDate";"End Date"
"ZAF";"018_001";"W3_ZAF_Cellphone_Allowance";"0.0000";"ZAR";"false";"Monthly";"2019/06/24";"2019/06/24"
"ZAF";"018_001";"W3_ZAF_Incentive";"0.0000";"ZAR";"false";"Monthly";"2019/06/05";"2019/06/23"
"ZAF";"018_001";"W3_ZAF_Medical_Aid_Allowance";"0.0000";"ZAR";"false";"Monthly";"2019/06/05";"2019/06/23"
"ZAF";"018_001";"W3_ZAF_Subsistence_Allowance";"0.0000";"ZAR";"false";"Monthly";"2019/06/24";"2019/06/24"
"ZAF";"018_001";"W3_ZAF_Travel_Allowance";"0.0000";"ZAR";"false";"Monthly";"2019/06/05";"2019/06/23"
