"CountryCode";"EmployeeCode";"WageTypeCode";"Amount";"Ccy";"OneTimePayment";"Frequency";"EffectiveDate";"End Date"
"GHA";"63029240";"W3_GHA_Clothing_Allowance";"300.0000";"GHS";"false";"Monthly";"2019/06/03";"2199-12-31"
"GHA";"63029240";"W3_GHA_Night_Duty_Allowance";"400.0000";"GHS";"false";"Monthly";"2019/06/03";"2199-12-31"
"GHA";"63029240";"W3_GHA_phone_Allowance";"250.0000";"GHS";"false";"Monthly";"2019/06/03";"2199-12-31"
"GHA";"63029240";"W3_GHA_Regular";"100.0000";"GHS";"false";"Monthly";"2019/06/03";"2199-12-31"
"GHA";"63029240";"W3_GHA_COMP_ELEMENT_Referral_Payment";"2000.0000";"GHS";"true";"";"2019/06/03";"2019/06/03"
"NGA";"63029239";"W3_NGA_Employee_Benefit_Allowance_CTC";"613.3300";"NGN";"false";"Monthly";"2019/05/06";"2199-12-31"
"NGA";"63029239";"W3_NGA_Meal_Subsidy_CTC";"690.0000";"NGN";"false";"Monthly";"2019/05/06";"2199-12-31"
"NGA";"63029239";"W3_NGA_Pension_Allowance";"666.6700";"NGN";"false";"Monthly";"2019/05/06";"2199-12-31"
"NGA";"63029239";"W3_NGA_Telephone_Reimbursement_CTC";"613.3300";"NGN";"false";"Monthly";"2019/05/06";"2199-12-31"
"NGA";"63029239";"W3_NGA_Clothing_Allowance_CTC";"153.3300";"NGN";"false";"Monthly";"2019/05/06";"2199-12-31"
"NGA";"63029239";"W3_NGA_Housing_Allowance_CTC";"1533.3300";"NGN";"false";"Monthly";"2019/05/06";"2199-12-31"
"NGA";"63029239";"W3_NGA_Leave_Allowance_CTC";"230.0000";"NGN";"false";"Monthly";"2019/05/06";"2199-12-31"
"NGA";"63029239";"W3_NGA_Medical_Aid_Allowance_CTC";"230.0000";"NGN";"false";"Monthly";"2019/05/06";"2199-12-31"
"NGA";"63029239";"W3_NGA_Transport_Allowance_CTC";"1150.0000";"NGN";"false";"Monthly";"2019/05/06";"2199-12-31"
"NGA";"63029239";"W3_NGA_Utility_Allowance_CTC";"153.3300";"NGN";"false";"Monthly";"2019/05/06";"2199-12-31"
"NGA";"63029239";"W3_NGA_13TH_Month_CTC_Allowance";"153.3300";"NGN";"false";"Monthly";"2019/05/06";"2199-12-31"
