"CountryCode";"EmployeeCode";"WageTypeCode";"Amount";"Ccy";"OneTimePayment";"Frequency";"EffectiveDate";"End Date"
"ZAF";"MOK001";"Bonus";"3000.0000";"GBP";"true";"";"2019/06/04";"2019/06/04"
"ZAF";"MOK001";"Bonus";"3000.0000";"GBP";"true";"";"2019/06/04";"2019/06/04"
"ZAF";"MOK001";"Bonus";"3000.0000";"GBP";"true";"";"2019/06/04";"2019/06/04"
"ZAF";"MOK001";"W3_ZAF_COMP_ELEMENT_Back_-_Pay";"3000.0000";"ZAR";"true";"";"2019/06/04";"2019/06/04"
"ZAF";"MOK001";"W3_ZAF_COMP_ELEMENT_Leave_Pay";"3000.0000";"ZAR";"true";"";"2019/06/04";"2019/06/04"
"ZAF";"MOK001";"W3_ZAF_COMP_ELEMENT_Overtime_1.5";"3000.0000";"ZAR";"true";"";"2019/06/04";"2019/06/04"
"ZAF";"MOK001";"W3_ZAF_COMP_ELEMENT_Overtime_2.0";"3000.0000";"ZAR";"true";"";"2019/06/04";"2019/06/04"
"ZAF";"MOK001";"W3_ZAF_COMP_ELEMENT_Termination_Pay";"3000.0000";"ZAR";"true";"";"2019/06/04";"2019/06/04"
"ZAF";"MOK001";"W3_ZAF_COMP_ELEMENT_Referral_Payment";"3000.0000";"ZAR";"true";"";"2019/06/04";"2019/06/04"
"ZAF";"MOK001";"W3_ZAF_COMP_ELEMENT_Spot_Bonus";"3000.0000";"ZAR";"true";"";"2019/06/04";"2019/06/04"
"ZAF";"MOK001";"COMP_ELEMENT_Comission";"3000.0000";"ZAR";"true";"";"2019/06/04";"2019/06/04"
"ZAF";"MOK001";"W3_ZAF_COMP_ELEMENT_Notice_Pay";"3000.0000";"ZAR";"true";"";"2019/06/04";"2019/06/04"
"ZAF";"MOK001";"W3_ZAF_COMP_ELEMENT_Severance";"3000.0000";"ZAR";"true";"";"2019/06/04";"2019/06/04"
