"CountryCode";"EmployeeCode";"WageTypeCode";"Amount";"Ccy";"OneTimePayment";"Frequency";"EffectiveDate";"End Date"
"ZAF";"63029237";"W3_ZAF_Cellphone_Allowance";"6300.0000";"ZAR";"false";"Monthly";"2019/06/17";"2199-12-31"
"ZAF";"63029237";"W3_ZAF_Incentive";"6200.0000";"ZAR";"false";"Monthly";"2019/06/17";"2199-12-31"
"ZAF";"63029237";"W3_ZAF_Medical_Aid_Allowance";"6300.0000";"ZAR";"false";"Monthly";"2019/06/17";"2199-12-31"
"ZAF";"63029237";"W3_ZAF_Subsistence_Allowance";"6400.0000";"ZAR";"false";"Monthly";"2019/06/17";"2199-12-31"
"ZAF";"63029237";"W3_ZAF_Travel_Allowance";"6500.0000";"ZAR";"false";"Monthly";"2019/06/17";"2199-12-31"
"ZAF";"63029237";"W3_ZAF_COMP_ELEMENT_Spot_Bonus";"-20000.0000";"ZAR";"true";"";"2019/06/03";"2019/06/03"
