"CountryCode";"EmployeeCode";"WageTypeCode";"Amount";"Ccy";"OneTimePayment";"Frequency";"EffectiveDate";"End Date"
"TZA";"16022";"W3_TZA_Acting_Allowance";"300000.0000";"TZS";"false";"Monthly";"2019/05/01";"2199-12-31"
"TZA";"16022";"W3_TZA_Housing_Allowance";"200000.0000";"TZS";"false";"Monthly";"2019/05/01";"2199-12-31"
"TZA";"16022";"W3_TZA_Leave_Allowance";"50000.0000";"TZS";"false";"Monthly";"2019/05/01";"2199-12-31"
"TZA";"16022";"W3_TZA_Travel_Allowance";"40000.0000";"TZS";"false";"Monthly";"2019/05/01";"2199-12-31"
"GHA";"18035";"W3_GHA_Clothing_Allowance";"200.0000";"GHS";"false";"Monthly";"2019/06/03";"2199-12-31"
"GHA";"18035";"W3_GHA_Night_Duty_Allowance";"100.0000";"GHS";"false";"Monthly";"2019/06/03";"2199-12-31"
"GHA";"18035";"W3_GHA_phone_Allowance";"400.0000";"GHS";"false";"Monthly";"2019/06/03";"2199-12-31"
"GHA";"18035";"W3_GHA_Regular";"150.0000";"GHS";"false";"Monthly";"2019/06/03";"2199-12-31"
"ZAF";"163";"W3_ZAF_COMP_ELEMENT_Termination_Pay";"10000.0000";"ZAR";"true";"";"2019/06/03";"2019/06/03"
