"CountryCode";"EmployeeCode";"WageTypeCode";"Amount";"Ccy";"OneTimePayment";"Frequency";"EffectiveDate";"End Date"
"ZAF";"018_001";"W3_ZAF_Cellphone_Allowance";"300.0000";"ZAR";"false";"Monthly";"2019/06/05";"2199-12-31"
"ZAF";"018_001";"W3_ZAF_Incentive";"200.0000";"ZAR";"false";"Monthly";"2019/06/05";"2199-12-31"
"ZAF";"018_001";"W3_ZAF_Medical_Aid_Allowance";"300.0000";"ZAR";"false";"Monthly";"2019/06/05";"2199-12-31"
"ZAF";"018_001";"W3_ZAF_Subsistence_Allowance";"400.0000";"ZAR";"false";"Monthly";"2019/06/05";"2199-12-31"
"ZAF";"018_001";"W3_ZAF_Travel_Allowance";"500.0000";"ZAR";"false";"Monthly";"2019/06/05";"2199-12-31"
