"CountryCode";"EmployeeCode";"WageTypeCode";"Amount";"Ccy";"OneTimePayment";"Frequency";"EffectiveDate";"End Date"
"GHA";"63022109";"W3_GHA_Regular";"1000.0000";"GHS";"false";"Monthly";"2018/09/20";"2199-12-31"
"GHA";"63022109";"COMP_ELEMENT_Comission";"1200.0000";"GHS";"true";"";"2019/06/04";"2019/06/04"
"GHA";"63022109";"W3_GHA_COMP_ELEMENT_Notice_-_Pay";"10000.0000";"GHS";"true";"";"2019/06/04";"2019/06/04"
"GHA";"63022109";"W3_GHA_COMP_ELEMENT_Overtime";"1000.0000";"GHS";"true";"";"2019/06/04";"2019/06/04"
"GHA";"63022109";"W3_GHA_COMP_ELEMENT_Referral_Payment";"100.0000";"GHS";"true";"";"2019/06/04";"2019/06/04"
"GHA";"63022109";"W3_GHA_COMP_ELEMENT_Spot_Bonus";"15000.0000";"GHS";"true";"";"2019/06/04";"2019/06/04"
"GHA";"63022109";"W3_GHA_COMP_ELEMENT_Severance";"250.0000";"GHS";"true";"";"2019/06/04";"2019/06/04"
"TZA";"16018";"COMP_ELEMENT_Comission";"1000000.0000";"TZS";"true";"";"2019/06/04";"2019/06/04"
"TZA";"16018";"W3_TZA_COMP_ELEMENT_Notice_Pay";"500000.0000";"TZS";"true";"";"2019/06/04";"2019/06/04"
"TZA";"16018";"W3_TZA_COMP_ELEMENT_Referral";"100000.0000";"TZS";"true";"";"2019/06/04";"2019/06/04"
"TZA";"16018";"W3_TZA_COMP_ELEMENT_Spot Bonus";"10000000.0000";"TZS";"true";"";"2019/06/04";"2019/06/04"
"KEN";"ISO006";"COMP_ELEMENT_Comission";"5000.0000";"KES";"true";"";"2019/06/04";"2019/06/04"
"KEN";"ISO006";"W3_KEN_COMP_ELEMENT_Overtime";"20000.0000";"KES";"true";"";"2019/06/04";"2019/06/04"
"KEN";"ISO006";"W3_KEN_COMP_ELEMENT_Notice_-_Pay";"10000.0000";"KES";"true";"";"2019/06/04";"2019/06/04"
"KEN";"ISO006";"W3_KEN_COMP_ELEMENT_Referral";"50000.0000";"KES";"true";"";"2019/06/04";"2019/06/04"
"KEN";"ISO006";"W3_KEN_COMP_ELEMENT_Spot_Bonus";"50000.0000";"KES";"true";"";"2019/06/04";"2019/06/04"
"ZMB";"240001";"W3_ZMB_COMP_ELEMENT_Referral";"1000.0000";"ZMK";"true";"";"2019/06/04";"2019/06/04"
"ZMB";"240001";"W3_ZMB_COMP_ELEMENT_Service_Bonus";"50000.0000";"ZMK";"true";"";"2019/06/04";"2019/06/04"
"ZMB";"240001";"W3_ZMB_COMP_ELEMENT_Severance";"25000.0000";"ZMK";"true";"";"2019/06/04";"2019/06/04"
"ZMB";"240001";"W3_ZMB_COMP_ELEMENT_Repatriation";"15000.0000";"ZMK";"true";"";"2019/06/04";"2019/06/04"
"ZMB";"240001";"W3_ZMB_COMP_ELEMENT_Overtime";"25000.0000";"ZMK";"true";"";"2019/06/04";"2019/06/04"
"ZMB";"240001";"W3_ZMB_COMP_ELEMENT_Leave_In_Lieu";"40000.0000";"ZMK";"true";"";"2019/06/04";"2019/06/04"
"ZMB";"240001";"W3_ZMB_COMP_ELEMENT_Spot_Bonus";"100000.0000";"ZMK";"true";"";"2019/06/04";"2019/06/04"
