"CountryCode";"EmployeeCode";"LeaveID";"LeaveTypeID";"LeaveAction";"FromDate";"ToDate";"UnitsTaken";"Unit"
"GHA";"18016";"TIME_OFF_ENTRY-6-634039";"W3_GHA_Ghana-Unpaid_Leave-Time_Off_Type";"ADD";"2019/06/03";"2019/06/03";"1";"DAYS"
"GHA";"18016";"TIME_OFF_ENTRY-6-634040";"W3_GHA_Ghana-Sick_Leave-Time_Off_Type";"ADD";"2019/06/04";"2019/06/04";"1";"DAYS"
"GHA";"18016";"TIME_OFF_ENTRY-6-634041";"W3_GHA_Ghana-Study/Exam_Leave-Time_Off_Type";"ADD";"2019/06/05";"2019/06/05";"1";"DAYS"
"GHA";"18016";"TIME_OFF_ENTRY-6-634042";"W3_GHA_Ghana-Annual_Leave-Time_Off_Type";"ADD";"2019/06/07";"2019/06/07";"1";"DAYS"
"GHA";"18016";"TIME_OFF_ENTRY-6-634043";"W3_GHA_Ghana-Annual_Leave-Time_Off_Type";"ADD";"2019/06/14";"2019/06/14";"1";"DAYS"
"GHA";"18016";"TIME_OFF_ENTRY-6-634044";"W3_GHA_Ghana-Annual_Leave-Time_Off_Type";"ADD";"2019/06/10";"2019/06/10";"1";"DAYS"
"GHA";"18016";"TIME_OFF_ENTRY-6-634045";"W3_GHA_Ghana-Annual_Leave-Time_Off_Type";"ADD";"2019/06/17";"2019/06/17";"1";"DAYS"
"GHA";"18016";"TIME_OFF_ENTRY-6-634046";"W3_GHA_Ghana-Annual_Leave-Time_Off_Type";"ADD";"2019/06/18";"2019/06/18";"1";"DAYS"
"GHA";"18016";"TIME_OFF_ENTRY-6-634047";"W3_GHA_Ghana-Annual_Leave-Time_Off_Type";"ADD";"2019/06/11";"2019/06/11";"1";"DAYS"
"GHA";"18016";"TIME_OFF_ENTRY-6-634048";"W3_GHA_Ghana-Annual_Leave-Time_Off_Type";"ADD";"2019/06/12";"2019/06/12";"1";"DAYS"
"GHA";"18016";"TIME_OFF_ENTRY-6-634049";"W3_GHA_Ghana-Annual_Leave-Time_Off_Type";"ADD";"2019/06/19";"2019/06/19";"1";"DAYS"
"GHA";"18016";"TIME_OFF_ENTRY-6-634050";"W3_GHA_Ghana-Annual_Leave-Time_Off_Type";"ADD";"2019/06/06";"2019/06/06";"1";"DAYS"
"GHA";"18016";"TIME_OFF_ENTRY-6-634051";"W3_GHA_Ghana-Annual_Leave-Time_Off_Type";"ADD";"2019/06/13";"2019/06/13";"1";"DAYS"
"GHA";"18016";"TIME_OFF_ENTRY-6-634052";"W3_GHA_Ghana-Annual_Leave-Time_Off_Type";"ADD";"2019/06/20";"2019/06/20";"1";"DAYS"
"KEN";"63002393";"TIME_OFF_ENTRY-6-634066";"W3_KEN_Kenya-Annual_Leave-Time_Off_Type";"ADD";"2019/06/06";"2019/06/06";"1";"DAYS"
"KEN";"63002393";"TIME_OFF_ENTRY-6-634067";"W3_KEN_Kenya-Annual_Leave-Time_Off_Type";"ADD";"2019/06/07";"2019/06/07";"1";"DAYS"
"KEN";"63002393";"TIME_OFF_ENTRY-6-634068";"W3_KEN_Kenya-Annual_Leave-Time_Off_Type";"ADD";"2019/06/04";"2019/06/04";"1";"DAYS"
"KEN";"63002393";"TIME_OFF_ENTRY-6-634069";"W3_KEN_Kenya-Annual_Leave-Time_Off_Type";"ADD";"2019/06/05";"2019/06/05";"1";"DAYS"
"KEN";"63002393";"TIME_OFF_ENTRY-6-634070";"W3_KEN_Kenya-Annual_Leave-Time_Off_Type";"ADD";"2019/06/03";"2019/06/03";"1";"DAYS"
"KEN";"63002393";"TIME_OFF_ENTRY-6-634071";"W3_KEN_Kenya-Unpaid_Leave-Time_Off_Type";"ADD";"2019/06/10";"2019/06/10";"1";"DAYS"
"KEN";"63002393";"TIME_OFF_ENTRY-6-634072";"W3_KEN_Kenya-Study/Exam_Leave-Time_Off_Type";"ADD";"2019/06/11";"2019/06/11";"1";"DAYS"
"KEN";"63002393";"TIME_OFF_ENTRY-6-634073";"W3_KEN_Kenya-Sick_Leave-Time_Off_Type";"ADD";"2019/06/12";"2019/06/12";"1";"DAYS"
"NGA";"230009";"TIME_OFF_ENTRY-6-634053";"W3_NGA_Nigeria-Unpaid_Leave-Time_Off_Type";"ADD";"2019/06/03";"2019/06/03";"1";"DAYS"
"NGA";"230009";"TIME_OFF_ENTRY-6-634054";"W3_NGA_Nigeria-Study/Exam_Leave-Time_Off_Type";"ADD";"2019/06/11";"2019/06/11";"1";"DAYS"
"NGA";"230009";"TIME_OFF_ENTRY-6-634055";"W3_NGA_Nigeria-Sick_Leave-Time_Off_Type";"ADD";"2019/06/05";"2019/06/05";"1";"DAYS"
"NGA";"230009";"TIME_OFF_ENTRY-6-634056";"W3_NGA_Nigeria-Annual_Leave-Time_Off_Type";"ADD";"2019/06/26";"2019/06/26";"1";"DAYS"
"NGA";"230009";"TIME_OFF_ENTRY-6-634057";"W3_NGA_Nigeria-Annual_Leave-Time_Off_Type";"ADD";"2019/06/17";"2019/06/17";"1";"DAYS"
"NGA";"230009";"TIME_OFF_ENTRY-6-634058";"W3_NGA_Nigeria-Annual_Leave-Time_Off_Type";"ADD";"2019/06/25";"2019/06/25";"1";"DAYS"
"NGA";"230009";"TIME_OFF_ENTRY-6-634059";"W3_NGA_Nigeria-Annual_Leave-Time_Off_Type";"ADD";"2019/06/19";"2019/06/19";"1";"DAYS"
"NGA";"230009";"TIME_OFF_ENTRY-6-634060";"W3_NGA_Nigeria-Annual_Leave-Time_Off_Type";"ADD";"2019/06/24";"2019/06/24";"1";"DAYS"
"NGA";"230009";"TIME_OFF_ENTRY-6-634061";"W3_NGA_Nigeria-Annual_Leave-Time_Off_Type";"ADD";"2019/06/28";"2019/06/28";"1";"DAYS"
"NGA";"230009";"TIME_OFF_ENTRY-6-634062";"W3_NGA_Nigeria-Annual_Leave-Time_Off_Type";"ADD";"2019/06/18";"2019/06/18";"1";"DAYS"
"NGA";"230009";"TIME_OFF_ENTRY-6-634063";"W3_NGA_Nigeria-Annual_Leave-Time_Off_Type";"ADD";"2019/06/21";"2019/06/21";"1";"DAYS"
"NGA";"230009";"TIME_OFF_ENTRY-6-634064";"W3_NGA_Nigeria-Annual_Leave-Time_Off_Type";"ADD";"2019/06/27";"2019/06/27";"1";"DAYS"
"NGA";"230009";"TIME_OFF_ENTRY-6-634065";"W3_NGA_Nigeria-Annual_Leave-Time_Off_Type";"ADD";"2019/06/20";"2019/06/20";"1";"DAYS"
"ZAF";"2553";"TIME_OFF_ENTRY-6-634029";"W3_ZAF_South_Africa-Sick_Leave-Time_Off_Type";"ADD";"2019/06/03";"2019/06/03";"1";"DAYS"
"ZAF";"2553";"TIME_OFF_ENTRY-6-634030";"W3_ZAF_South_Africa-Study/Exam_Leave-Time_Off_Type";"ADD";"2019/06/04";"2019/06/04";"0.5";"DAYS"
"ZAF";"2553";"TIME_OFF_ENTRY-6-634031";"W3_ZAF_South_Africa-Family_Responsibility-Time_Off_Type";"ADD";"2019/06/05";"2019/06/05";"1";"DAYS"
"ZAF";"2553";"TIME_OFF_ENTRY-6-634032";"W3_ZAF_South_Africa-Annual_Leave-Time_Off_Type";"ADD";"2019/06/11";"2019/06/11";"1";"DAYS"
"ZAF";"2553";"TIME_OFF_ENTRY-6-634033";"W3_ZAF_South_Africa-Annual_Leave-Time_Off_Type";"ADD";"2019/06/06";"2019/06/06";"1";"DAYS"
"ZAF";"2553";"TIME_OFF_ENTRY-6-634034";"W3_ZAF_South_Africa-Annual_Leave-Time_Off_Type";"ADD";"2019/06/12";"2019/06/12";"1";"DAYS"
"ZAF";"2553";"TIME_OFF_ENTRY-6-634035";"W3_ZAF_South_Africa-Annual_Leave-Time_Off_Type";"ADD";"2019/06/13";"2019/06/13";"1";"DAYS"
"ZAF";"2553";"TIME_OFF_ENTRY-6-634036";"W3_ZAF_South_Africa-Annual_Leave-Time_Off_Type";"ADD";"2019/06/07";"2019/06/07";"1";"DAYS"
"ZAF";"2553";"TIME_OFF_ENTRY-6-634037";"W3_ZAF_South_Africa-Annual_Leave-Time_Off_Type";"ADD";"2019/06/14";"2019/06/14";"1";"DAYS"
"ZAF";"2553";"TIME_OFF_ENTRY-6-634038";"W3_ZAF_South_Africa-Annual_Leave-Time_Off_Type";"ADD";"2019/06/10";"2019/06/10";"1";"DAYS"
"TZA";"16007";"TIME_OFF_ENTRY-6-634088";"W3_TZA_Tanzania-Annual_Leave-Time_Off_Type";"DELETE";"2019/06/08";"2019/06/08";"-1";"DAYS"
"TZA";"16007";"TIME_OFF_ENTRY-6-634075";"W3_TZA_Tanzania-Annual_Leave-Time_Off_Type";"ADD";"2019/06/03";"2019/06/03";"1";"DAYS"
"TZA";"16007";"TIME_OFF_ENTRY-6-634076";"W3_TZA_Tanzania-Annual_Leave-Time_Off_Type";"ADD";"2019/06/04";"2019/06/04";"1";"DAYS"
"TZA";"16007";"TIME_OFF_ENTRY-6-634087";"W3_TZA_Tanzania-Annual_Leave-Time_Off_Type";"DELETE";"2019/06/13";"2019/06/13";"-1";"DAYS"
"TZA";"16007";"TIME_OFF_ENTRY-6-634086";"W3_TZA_Tanzania-Annual_Leave-Time_Off_Type";"DELETE";"2019/06/09";"2019/06/09";"-1";"DAYS"
"TZA";"16007";"TIME_OFF_ENTRY-6-634079";"W3_TZA_Tanzania-Annual_Leave-Time_Off_Type";"ADD";"2019/06/05";"2019/06/05";"1";"DAYS"
"TZA";"16007";"TIME_OFF_ENTRY-6-634092";"W3_TZA_Tanzania-Annual_Leave-Time_Off_Type";"DELETE";"2019/06/10";"2019/06/10";"-1";"DAYS"
"TZA";"16007";"TIME_OFF_ENTRY-6-634091";"W3_TZA_Tanzania-Annual_Leave-Time_Off_Type";"DELETE";"2019/06/11";"2019/06/11";"-1";"DAYS"
"TZA";"16007";"TIME_OFF_ENTRY-6-634082";"W3_TZA_Tanzania-Annual_Leave-Time_Off_Type";"ADD";"2019/06/06";"2019/06/06";"1";"DAYS"
"TZA";"16007";"TIME_OFF_ENTRY-6-634083";"W3_TZA_Tanzania-Annual_Leave-Time_Off_Type";"ADD";"2019/06/07";"2019/06/07";"1";"DAYS"
"TZA";"16007";"TIME_OFF_ENTRY-6-634090";"W3_TZA_Tanzania-Annual_Leave-Time_Off_Type";"DELETE";"2019/06/14";"2019/06/14";"-1";"DAYS"
"TZA";"16007";"TIME_OFF_ENTRY-6-634089";"W3_TZA_Tanzania-Annual_Leave-Time_Off_Type";"DELETE";"2019/06/12";"2019/06/12";"-1";"DAYS"
"TZA";"16007";"TIME_OFF_ENTRY-6-634093";"W3_TZA_Tanzania-Unpaid_Leave-Time_Off_Type";"ADD";"2019/06/10";"2019/06/10";"1";"DAYS"
"TZA";"16007";"TIME_OFF_ENTRY-6-634094";"W3_TZA_Tanzania-Study/Exam_Leave-Time_Off_Type";"ADD";"2019/06/11";"2019/06/11";"1";"DAYS"
"TZA";"16007";"TIME_OFF_ENTRY-6-634095";"W3_TZA_Tanzania-Sick_Leave-Time_Off_Type";"ADD";"2019/06/12";"2019/06/12";"0.5";"DAYS"
"ZMB";"240003";"TIME_OFF_ENTRY-6-634096";"W3_ZMB_Zambia-Annual_Leave-Time_Off_Type";"ADD";"2019/06/04";"2019/06/04";"1";"DAYS"
"ZMB";"240003";"TIME_OFF_ENTRY-6-634097";"W3_ZMB_Zambia-Annual_Leave-Time_Off_Type";"ADD";"2019/06/03";"2019/06/03";"1";"DAYS"
"ZMB";"240003";"TIME_OFF_ENTRY-6-634098";"W3_ZMB_Zambia-Annual_Leave-Time_Off_Type";"ADD";"2019/06/05";"2019/06/05";"1";"DAYS"
"ZMB";"240003";"TIME_OFF_ENTRY-6-634099";"W3_ZMB_Zambia-Unpaid_Leave-Time_Off_Type";"ADD";"2019/06/10";"2019/06/10";"1";"DAYS"
"ZMB";"240003";"TIME_OFF_ENTRY-6-634100";"W3_ZMB_Zambia-Study/Exam_Leave-Time_Off_Type";"ADD";"2019/06/11";"2019/06/11";"1";"DAYS"
"ZMB";"240003";"TIME_OFF_ENTRY-6-634101";"W3_ZMB_Zambia-Family_Responsibility-Time_Off_Type";"ADD";"2019/06/06";"2019/06/06";"1";"DAYS"
"ZMB";"240003";"TIME_OFF_ENTRY-6-634102";"W3_ZMB_Zambia-Sick_Leave-Time_Off_Type";"ADD";"2019/06/07";"2019/06/07";"1";"DAYS"
