"CountryCodeIndicator";"EmployeeCode";"LeaveID";"LeaveTypeID";"LeaveAction";"FromDate";"ToDate";"UnitsTaken";"Unit"
"GHA";"19014";"LEAVE_REQUEST_EVENT-6-4752";"W3_GHA_Maternity_Leave";"ADD";"2019/04/29";"2019/06/18";"37";"DAYS"
"KEN";"63007923";"TIME_OFF_ENTRY-6-634253";"W3_KEN_Kenya-Annual_Leave-Time_Off_Type";"DELETE";"2019/05/10";"2019/05/10";"-1";"DAYS"
"KEN";"63007923";"TIME_OFF_ENTRY-6-634254";"W3_KEN_Kenya-Annual_Leave-Time_Off_Type";"DELETE";"2019/05/06";"2019/05/06";"-1";"DAYS"
"KEN";"63007923";"TIME_OFF_ENTRY-6-634255";"W3_KEN_Kenya-Annual_Leave-Time_Off_Type";"UPDATE";"2019/05/09";"2019/05/09";"0.5";"DAYS"
"ZAF";"63025485";"LEAVE_REQUEST_EVENT-6-4745";"W3_ZAF_Sabbatical_Leave";"UPDATE";"2019/05/01";"2019/12/31";"168";"DAYS"
