"CountryCode";"EmployeeCode";"LeaveID";"LeaveTypeID";"LeaveAction";"FromDate";"ToDate";"UnitsTaken";"Unit"
"GHA";"18027";"LEAVE_REQUEST_EVENT-6-4749";"W3_GHA_Paternity_Leave";"ADD";"2019/06/03";"2019/06/09";"5";"DAYS"
"GHA";"18027";"LEAVE_REQUEST_EVENT-6-4750";"W3_GHA_Leave_of_Absence_(Unpaid)";"ADD";"2019/06/17";"2019/06/30";"10";"DAYS"
"GHA";"18035";"LEAVE_REQUEST_EVENT-6-4751";"W3_GHA_Long-Term_Sick";"ADD";"2019/04/29";"2019/06/25";"42";"DAYS"
"GHA";"19025";"LEAVE_REQUEST_EVENT-6-4748";"W3_GHA_Leave_of_Absence_(Paid)";"ADD";"2019/05/01";"2019/05/26";"18";"DAYS"
"GHA";"19014";"LEAVE_REQUEST_EVENT-6-4752";"W3_GHA_Maternity_Leave";"ADD";"2019/04/29";"2019/11/01";"135";"DAYS"
"GHA";"63022108";"TIME_OFF_ENTRY-6-634136";"W3_GHA_Ghana-Study/Exam_Leave-Time_Off_Type";"ADD";"2019/06/25";"2019/06/25";"1";"DAYS"
"GHA";"63022108";"TIME_OFF_ENTRY-6-634137";"W3_GHA_Ghana-Study/Exam_Leave-Time_Off_Type";"ADD";"2019/06/26";"2019/06/26";"1";"DAYS"
"GHA";"63022108";"TIME_OFF_ENTRY-6-634138";"W3_GHA_Ghana-Sick_Leave-Time_Off_Type";"ADD";"2019/06/18";"2019/06/18";"1";"DAYS"
"GHA";"63022108";"TIME_OFF_ENTRY-6-634139";"W3_GHA_Ghana-Sick_Leave-Time_Off_Type";"ADD";"2019/06/17";"2019/06/17";"1";"DAYS"
"GHA";"63022108";"TIME_OFF_ENTRY-6-634140";"W3_GHA_Ghana-Sick_Leave-Time_Off_Type";"ADD";"2019/06/20";"2019/06/20";"1";"DAYS"
"GHA";"63022108";"TIME_OFF_ENTRY-6-634141";"W3_GHA_Ghana-Sick_Leave-Time_Off_Type";"ADD";"2019/06/19";"2019/06/19";"1";"DAYS"
"GHA";"63022108";"TIME_OFF_ENTRY-6-634142";"W3_GHA_Ghana-Unpaid_Leave-Time_Off_Type";"ADD";"2019/06/13";"2019/06/13";"1";"DAYS"
"GHA";"63022108";"TIME_OFF_ENTRY-6-634143";"W3_GHA_Ghana-Unpaid_Leave-Time_Off_Type";"ADD";"2019/06/12";"2019/06/12";"1";"DAYS"
"GHA";"63022108";"TIME_OFF_ENTRY-6-634144";"W3_GHA_Ghana-Unpaid_Leave-Time_Off_Type";"ADD";"2019/06/14";"2019/06/14";"1";"DAYS"
"GHA";"63022108";"TIME_OFF_ENTRY-6-634145";"W3_GHA_Ghana-Annual_Leave-Time_Off_Type";"ADD";"2019/06/03";"2019/06/03";"1";"DAYS"
"GHA";"63022108";"TIME_OFF_ENTRY-6-634146";"W3_GHA_Ghana-Annual_Leave-Time_Off_Type";"ADD";"2019/06/04";"2019/06/04";"1";"DAYS"
"KEN";"63007889";"LEAVE_REQUEST_EVENT-6-4757";"W3_KEN_Long-Term_Sick";"ADD";"2019/04/29";"2019/09/01";"90";"DAYS"
"KEN";"63007905";"LEAVE_REQUEST_EVENT-6-4753";"W3_KEN_Maternity_Leave";"ADD";"2019/05/27";"2020/02/02";"180";"DAYS"
"KEN";"63007923";"TIME_OFF_ENTRY-6-634147";"W3_KEN_Kenya-Study/Exam_Leave-Time_Off_Type";"ADD";"2019/06/18";"2019/06/18";"1";"DAYS"
"KEN";"63007923";"TIME_OFF_ENTRY-6-634148";"W3_KEN_Kenya-Study/Exam_Leave-Time_Off_Type";"ADD";"2019/06/17";"2019/06/17";"1";"DAYS"
"KEN";"63007923";"TIME_OFF_ENTRY-6-634149";"W3_KEN_Kenya-Sick_Leave-Time_Off_Type";"ADD";"2019/07/04";"2019/07/04";"1";"DAYS"
"KEN";"63007923";"TIME_OFF_ENTRY-6-634150";"W3_KEN_Kenya-Sick_Leave-Time_Off_Type";"ADD";"2019/07/03";"2019/07/03";"1";"DAYS"
"KEN";"63007923";"TIME_OFF_ENTRY-6-634151";"W3_KEN_Kenya-Sick_Leave-Time_Off_Type";"ADD";"2019/07/02";"2019/07/02";"1";"DAYS"
"KEN";"63007923";"TIME_OFF_ENTRY-6-634152";"W3_KEN_Kenya-Sick_Leave-Time_Off_Type";"ADD";"2019/07/01";"2019/07/01";"1";"DAYS"
"KEN";"63007923";"TIME_OFF_ENTRY-6-634153";"W3_KEN_Kenya-Unpaid_Leave-Time_Off_Type";"ADD";"2019/06/10";"2019/06/10";"1";"DAYS"
"KEN";"63007923";"TIME_OFF_ENTRY-6-634154";"W3_KEN_Kenya-Unpaid_Leave-Time_Off_Type";"ADD";"2019/06/12";"2019/06/12";"1";"DAYS"
"KEN";"63007923";"TIME_OFF_ENTRY-6-634155";"W3_KEN_Kenya-Unpaid_Leave-Time_Off_Type";"ADD";"2019/06/11";"2019/06/11";"1";"DAYS"
"KEN";"63007923";"TIME_OFF_ENTRY-6-634156";"W3_KEN_Kenya-Annual_Leave-Time_Off_Type";"ADD";"2019/05/07";"2019/05/07";"1";"DAYS"
"KEN";"63007923";"TIME_OFF_ENTRY-6-634157";"W3_KEN_Kenya-Annual_Leave-Time_Off_Type";"ADD";"2019/05/10";"2019/05/10";"1";"DAYS"
"KEN";"63007923";"TIME_OFF_ENTRY-6-634158";"W3_KEN_Kenya-Annual_Leave-Time_Off_Type";"ADD";"2019/05/06";"2019/05/06";"1";"DAYS"
"KEN";"63007923";"TIME_OFF_ENTRY-6-634159";"W3_KEN_Kenya-Annual_Leave-Time_Off_Type";"ADD";"2019/05/09";"2019/05/09";"1";"DAYS"
"KEN";"63007923";"TIME_OFF_ENTRY-6-634160";"W3_KEN_Kenya-Annual_Leave-Time_Off_Type";"ADD";"2019/05/08";"2019/05/08";"1";"DAYS"
"KEN";"63007927";"LEAVE_REQUEST_EVENT-6-4754";"W3_KEN_Leave_of_Absence_(Paid)";"ADD";"2019/05/27";"2019/06/09";"10";"DAYS"
"KEN";"63007927";"LEAVE_REQUEST_EVENT-6-4755";"W3_KEN_Leave_of_Absence_(Unpaid)";"ADD";"2019/06/14";"2019/06/23";"6";"DAYS"
"KEN";"63007927";"LEAVE_REQUEST_EVENT-6-4756";"W3_KEN_Paternity_Leave";"ADD";"2019/06/24";"2019/06/30";"5";"DAYS"
"NGA";"230091";"LEAVE_REQUEST_EVENT-6-4761";"W3_NGA_Leave_of_Absence_(Paid)";"ADD";"2019/06/03";"2019/06/16";"14";"DAYS"
"NGA";"230091";"LEAVE_REQUEST_EVENT-6-4762";"W3_NGA_Maternity_Leave";"ADD";"2019/06/17";"2019/11/03";"100";"DAYS"
"NGA";"230075";"TIME_OFF_ENTRY-6-634161";"W3_NGA_Nigeria-Sick_Leave-Time_Off_Type";"ADD";"2019/06/24";"2019/06/24";"1";"DAYS"
"NGA";"230075";"TIME_OFF_ENTRY-6-634162";"W3_NGA_Nigeria-Sick_Leave-Time_Off_Type";"ADD";"2019/06/25";"2019/06/25";"1";"DAYS"
"NGA";"230075";"TIME_OFF_ENTRY-6-634163";"W3_NGA_Nigeria-Study/Exam_Leave-Time_Off_Type";"ADD";"2019/06/14";"2019/06/14";"1";"DAYS"
"NGA";"230075";"TIME_OFF_ENTRY-6-634164";"W3_NGA_Nigeria-Study/Exam_Leave-Time_Off_Type";"ADD";"2019/06/10";"2019/06/10";"1";"DAYS"
"NGA";"230075";"TIME_OFF_ENTRY-6-634165";"W3_NGA_Nigeria-Study/Exam_Leave-Time_Off_Type";"ADD";"2019/06/13";"2019/06/13";"1";"DAYS"
"NGA";"230075";"TIME_OFF_ENTRY-6-634166";"W3_NGA_Nigeria-Study/Exam_Leave-Time_Off_Type";"ADD";"2019/06/12";"2019/06/12";"1";"DAYS"
"NGA";"230075";"TIME_OFF_ENTRY-6-634167";"W3_NGA_Nigeria-Study/Exam_Leave-Time_Off_Type";"ADD";"2019/06/11";"2019/06/11";"1";"DAYS"
"NGA";"230075";"TIME_OFF_ENTRY-6-634168";"W3_NGA_Nigeria-Unpaid_Leave-Time_Off_Type";"ADD";"2019/06/05";"2019/06/05";"1";"DAYS"
"NGA";"230075";"TIME_OFF_ENTRY-6-634169";"W3_NGA_Nigeria-Unpaid_Leave-Time_Off_Type";"ADD";"2019/06/04";"2019/06/04";"1";"DAYS"
"NGA";"230075";"TIME_OFF_ENTRY-6-634170";"W3_NGA_Nigeria-Unpaid_Leave-Time_Off_Type";"ADD";"2019/06/03";"2019/06/03";"1";"DAYS"
"NGA";"230075";"TIME_OFF_ENTRY-6-634171";"W3_NGA_Nigeria-Annual_Leave-Time_Off_Type";"ADD";"2019/05/20";"2019/05/20";"1";"DAYS"
"NGA";"230124";"LEAVE_REQUEST_EVENT-6-4758";"W3_NGA_Paternity_Leave";"ADD";"2019/05/27";"2019/06/02";"5";"DAYS"
"NGA";"230124";"LEAVE_REQUEST_EVENT-6-4759";"W3_NGA_Leave_of_Absence_(Unpaid)";"ADD";"2019/06/17";"2019/06/23";"5";"DAYS"
"NGA";"230124";"LEAVE_REQUEST_EVENT-6-4760";"W3_NGA_Long-Term_Sick";"ADD";"2019/06/24";"2019/06/29";"5";"DAYS"
"ZAF";"151";"LEAVE_REQUEST_EVENT-6-4747";"W3_ZAF_Unpaid_Leave";"ADD";"2019/06/24";"2019/11/03";"93";"DAYS"
"ZAF";"211";"LEAVE_REQUEST_EVENT-6-4744";"W3_ZAF_Maternity_Leave";"ADD";"2019/06/01";"2020/02/29";"189";"DAYS"
"ZAF";"216";"TIME_OFF_ENTRY-6-634112";"W3_ZAF_South_Africa-Sick_Leave-Time_Off_Type";"ADD";"2019/05/24";"2019/05/24";"1";"DAYS"
"ZAF";"216";"TIME_OFF_ENTRY-6-634113";"W3_ZAF_South_Africa-Sick_Leave-Time_Off_Type";"ADD";"2019/06/12";"2019/06/12";"1";"DAYS"
"ZAF";"216";"TIME_OFF_ENTRY-6-634114";"W3_ZAF_South_Africa-Sick_Leave-Time_Off_Type";"ADD";"2019/06/11";"2019/06/11";"1";"DAYS"
"ZAF";"216";"TIME_OFF_ENTRY-6-634115";"W3_ZAF_South_Africa-Sick_Leave-Time_Off_Type";"ADD";"2019/06/06";"2019/06/06";"1";"DAYS"
"ZAF";"216";"TIME_OFF_ENTRY-6-634116";"W3_ZAF_South_Africa-Sick_Leave-Time_Off_Type";"ADD";"2019/05/31";"2019/05/31";"1";"DAYS"
"ZAF";"216";"TIME_OFF_ENTRY-6-634117";"W3_ZAF_South_Africa-Sick_Leave-Time_Off_Type";"ADD";"2019/06/13";"2019/06/13";"1";"DAYS"
"ZAF";"216";"TIME_OFF_ENTRY-6-634118";"W3_ZAF_South_Africa-Sick_Leave-Time_Off_Type";"ADD";"2019/05/20";"2019/05/20";"1";"DAYS"
"ZAF";"216";"TIME_OFF_ENTRY-6-634119";"W3_ZAF_South_Africa-Sick_Leave-Time_Off_Type";"ADD";"2019/06/10";"2019/06/10";"1";"DAYS"
"ZAF";"216";"TIME_OFF_ENTRY-6-634120";"W3_ZAF_South_Africa-Sick_Leave-Time_Off_Type";"ADD";"2019/06/07";"2019/06/07";"1";"DAYS"
"ZAF";"216";"TIME_OFF_ENTRY-6-634121";"W3_ZAF_South_Africa-Sick_Leave-Time_Off_Type";"ADD";"2019/06/03";"2019/06/03";"1";"DAYS"
"ZAF";"216";"TIME_OFF_ENTRY-6-634122";"W3_ZAF_South_Africa-Sick_Leave-Time_Off_Type";"ADD";"2019/05/27";"2019/05/27";"1";"DAYS"
"ZAF";"216";"TIME_OFF_ENTRY-6-634123";"W3_ZAF_South_Africa-Sick_Leave-Time_Off_Type";"ADD";"2019/06/04";"2019/06/04";"1";"DAYS"
"ZAF";"216";"TIME_OFF_ENTRY-6-634124";"W3_ZAF_South_Africa-Sick_Leave-Time_Off_Type";"ADD";"2019/05/29";"2019/05/29";"1";"DAYS"
"ZAF";"216";"TIME_OFF_ENTRY-6-634125";"W3_ZAF_South_Africa-Sick_Leave-Time_Off_Type";"ADD";"2019/05/28";"2019/05/28";"1";"DAYS"
"ZAF";"216";"TIME_OFF_ENTRY-6-634126";"W3_ZAF_South_Africa-Sick_Leave-Time_Off_Type";"ADD";"2019/06/14";"2019/06/14";"1";"DAYS"
"ZAF";"216";"TIME_OFF_ENTRY-6-634127";"W3_ZAF_South_Africa-Sick_Leave-Time_Off_Type";"ADD";"2019/05/21";"2019/05/21";"1";"DAYS"
"ZAF";"216";"TIME_OFF_ENTRY-6-634128";"W3_ZAF_South_Africa-Sick_Leave-Time_Off_Type";"ADD";"2019/06/05";"2019/06/05";"1";"DAYS"
"ZAF";"216";"TIME_OFF_ENTRY-6-634129";"W3_ZAF_South_Africa-Sick_Leave-Time_Off_Type";"ADD";"2019/05/30";"2019/05/30";"1";"DAYS"
"ZAF";"216";"TIME_OFF_ENTRY-6-634130";"W3_ZAF_South_Africa-Sick_Leave-Time_Off_Type";"ADD";"2019/06/21";"2019/06/21";"1";"DAYS"
"ZAF";"216";"TIME_OFF_ENTRY-6-634131";"W3_ZAF_South_Africa-Sick_Leave-Time_Off_Type";"ADD";"2019/06/19";"2019/06/19";"1";"DAYS"
"ZAF";"216";"TIME_OFF_ENTRY-6-634132";"W3_ZAF_South_Africa-Sick_Leave-Time_Off_Type";"ADD";"2019/05/23";"2019/05/23";"1";"DAYS"
"ZAF";"216";"TIME_OFF_ENTRY-6-634133";"W3_ZAF_South_Africa-Sick_Leave-Time_Off_Type";"ADD";"2019/06/18";"2019/06/18";"1";"DAYS"
"ZAF";"216";"TIME_OFF_ENTRY-6-634134";"W3_ZAF_South_Africa-Sick_Leave-Time_Off_Type";"ADD";"2019/05/22";"2019/05/22";"1";"DAYS"
"ZAF";"216";"TIME_OFF_ENTRY-6-634135";"W3_ZAF_South_Africa-Sick_Leave-Time_Off_Type";"ADD";"2019/06/20";"2019/06/20";"1";"DAYS"
"ZAF";"2575";"TIME_OFF_ENTRY-6-634105";"W3_ZAF_South_Africa-Paternity_Leave-Time_Off_Type";"ADD";"2019/07/11";"2019/07/11";"1";"DAYS"
"ZAF";"2575";"TIME_OFF_ENTRY-6-634106";"W3_ZAF_South_Africa-Paternity_Leave-Time_Off_Type";"ADD";"2019/07/12";"2019/07/12";"1";"DAYS"
"ZAF";"2575";"TIME_OFF_ENTRY-6-634107";"W3_ZAF_South_Africa-Paternity_Leave-Time_Off_Type";"ADD";"2019/07/09";"2019/07/09";"1";"DAYS"
"ZAF";"2575";"TIME_OFF_ENTRY-6-634108";"W3_ZAF_South_Africa-Paternity_Leave-Time_Off_Type";"ADD";"2019/07/10";"2019/07/10";"1";"DAYS"
"ZAF";"2575";"TIME_OFF_ENTRY-6-634109";"W3_ZAF_South_Africa-Paternity_Leave-Time_Off_Type";"ADD";"2019/07/08";"2019/07/08";"1";"DAYS"
"ZAF";"2575";"TIME_OFF_ENTRY-6-634110";"W3_ZAF_South_Africa-Paternity_Leave-Time_Off_Type";"ADD";"2019/07/16";"2019/07/16";"1";"DAYS"
"ZAF";"2575";"TIME_OFF_ENTRY-6-634111";"W3_ZAF_South_Africa-Paternity_Leave-Time_Off_Type";"ADD";"2019/07/15";"2019/07/15";"1";"DAYS"
"ZAF";"2632";"TIME_OFF_ENTRY-6-634172";"W3_ZAF_South_Africa-Annual_Leave-Time_Off_Type";"ADD";"2019/06/03";"2019/06/03";"1";"DAYS"
"ZAF";"2632";"TIME_OFF_ENTRY-6-634173";"W3_ZAF_South_Africa-Annual_Leave-Time_Off_Type";"ADD";"2019/05/30";"2019/05/30";"1";"DAYS"
"ZAF";"2632";"TIME_OFF_ENTRY-6-634174";"W3_ZAF_South_Africa-Annual_Leave-Time_Off_Type";"ADD";"2019/06/05";"2019/06/05";"1";"DAYS"
"ZAF";"2632";"TIME_OFF_ENTRY-6-634175";"W3_ZAF_South_Africa-Annual_Leave-Time_Off_Type";"ADD";"2019/05/31";"2019/05/31";"1";"DAYS"
"ZAF";"2632";"TIME_OFF_ENTRY-6-634176";"W3_ZAF_South_Africa-Annual_Leave-Time_Off_Type";"ADD";"2019/06/07";"2019/06/07";"1";"DAYS"
"ZAF";"2632";"TIME_OFF_ENTRY-6-634177";"W3_ZAF_South_Africa-Annual_Leave-Time_Off_Type";"ADD";"2019/05/29";"2019/05/29";"1";"DAYS"
"ZAF";"2632";"TIME_OFF_ENTRY-6-634178";"W3_ZAF_South_Africa-Annual_Leave-Time_Off_Type";"ADD";"2019/05/27";"2019/05/27";"1";"DAYS"
"ZAF";"2632";"TIME_OFF_ENTRY-6-634179";"W3_ZAF_South_Africa-Annual_Leave-Time_Off_Type";"ADD";"2019/06/06";"2019/06/06";"1";"DAYS"
"ZAF";"2632";"TIME_OFF_ENTRY-6-634180";"W3_ZAF_South_Africa-Annual_Leave-Time_Off_Type";"ADD";"2019/06/04";"2019/06/04";"1";"DAYS"
"ZAF";"2632";"TIME_OFF_ENTRY-6-634181";"W3_ZAF_South_Africa-Annual_Leave-Time_Off_Type";"ADD";"2019/05/28";"2019/05/28";"1";"DAYS"
"ZAF";"2632";"TIME_OFF_ENTRY-6-634182";"W3_ZAF_South_Africa-Study/Exam_Leave-Time_Off_Type";"ADD";"2019/06/14";"2019/06/14";"1";"DAYS"
"ZAF";"2632";"TIME_OFF_ENTRY-6-634183";"W3_ZAF_South_Africa-Study/Exam_Leave-Time_Off_Type";"ADD";"2019/06/10";"2019/06/10";"1";"DAYS"
"ZAF";"2632";"TIME_OFF_ENTRY-6-634184";"W3_ZAF_South_Africa-Study/Exam_Leave-Time_Off_Type";"ADD";"2019/06/11";"2019/06/11";"1";"DAYS"
"ZAF";"2632";"TIME_OFF_ENTRY-6-634185";"W3_ZAF_South_Africa-Study/Exam_Leave-Time_Off_Type";"ADD";"2019/06/12";"2019/06/12";"1";"DAYS"
"ZAF";"2632";"TIME_OFF_ENTRY-6-634186";"W3_ZAF_South_Africa-Study/Exam_Leave-Time_Off_Type";"ADD";"2019/06/13";"2019/06/13";"1";"DAYS"
"ZAF";"2632";"TIME_OFF_ENTRY-6-634187";"W3_ZAF_South_Africa-Family_Responsibility-Time_Off_Type";"ADD";"2019/06/24";"2019/06/24";"1";"DAYS"
"ZAF";"2632";"TIME_OFF_ENTRY-6-634188";"W3_ZAF_South_Africa-Family_Responsibility-Time_Off_Type";"ADD";"2019/06/25";"2019/06/25";"1";"DAYS"
"ZAF";"2632";"TIME_OFF_ENTRY-6-634189";"W3_ZAF_South_Africa-Family_Responsibility-Time_Off_Type";"ADD";"2019/06/26";"2019/06/26";"1";"DAYS"
"ZAF";"266";"LEAVE_REQUEST_EVENT-6-4746";"W3_ZAF_Unpaid_Leave";"ADD";"2019/06/13";"2019/11/03";"99";"DAYS"
"ZAF";"63025485";"LEAVE_REQUEST_EVENT-6-4745";"W3_ZAF_Sabbatical_Leave";"ADD";"2019/05/13";"2019/08/31";"78";"DAYS"
"TZA";"16017";"TIME_OFF_ENTRY-6-634190";"W3_TZA_Tanzania-Study/Exam_Leave-Time_Off_Type";"ADD";"2019/07/05";"2019/07/05";"1";"DAYS"
"TZA";"16017";"TIME_OFF_ENTRY-6-634191";"W3_TZA_Tanzania-Study/Exam_Leave-Time_Off_Type";"ADD";"2019/07/02";"2019/07/02";"1";"DAYS"
"TZA";"16017";"TIME_OFF_ENTRY-6-634192";"W3_TZA_Tanzania-Study/Exam_Leave-Time_Off_Type";"ADD";"2019/07/03";"2019/07/03";"1";"DAYS"
"TZA";"16017";"TIME_OFF_ENTRY-6-634193";"W3_TZA_Tanzania-Study/Exam_Leave-Time_Off_Type";"ADD";"2019/07/01";"2019/07/01";"1";"DAYS"
"TZA";"16017";"TIME_OFF_ENTRY-6-634194";"W3_TZA_Tanzania-Study/Exam_Leave-Time_Off_Type";"ADD";"2019/07/04";"2019/07/04";"1";"DAYS"
"TZA";"16017";"TIME_OFF_ENTRY-6-634195";"W3_TZA_Tanzania-Family_Responsibility-Time_Off_Type";"ADD";"2019/06/25";"2019/06/25";"1";"DAYS"
"TZA";"16017";"TIME_OFF_ENTRY-6-634196";"W3_TZA_Tanzania-Family_Responsibility-Time_Off_Type";"ADD";"2019/06/24";"2019/06/24";"1";"DAYS"
"TZA";"16017";"TIME_OFF_ENTRY-6-634197";"W3_TZA_Tanzania-Family_Responsibility-Time_Off_Type";"ADD";"2019/06/26";"2019/06/26";"1";"DAYS"
"TZA";"16017";"TIME_OFF_ENTRY-6-634198";"W3_TZA_Tanzania-Sick_Leave-Time_Off_Type";"ADD";"2019/06/10";"2019/06/10";"1";"DAYS"
"TZA";"16017";"TIME_OFF_ENTRY-6-634199";"W3_TZA_Tanzania-Sick_Leave-Time_Off_Type";"ADD";"2019/06/11";"2019/06/11";"1";"DAYS"
"TZA";"16017";"TIME_OFF_ENTRY-6-634200";"W3_TZA_Tanzania-Sick_Leave-Time_Off_Type";"ADD";"2019/06/12";"2019/06/12";"1";"DAYS"
"TZA";"16017";"TIME_OFF_ENTRY-6-634201";"W3_TZA_Tanzania-Sick_Leave-Time_Off_Type";"ADD";"2019/06/13";"2019/06/13";"1";"DAYS"
"TZA";"16017";"TIME_OFF_ENTRY-6-634202";"W3_TZA_Tanzania-Unpaid_Leave-Time_Off_Type";"ADD";"2019/05/31";"2019/05/31";"1";"DAYS"
"TZA";"16017";"TIME_OFF_ENTRY-6-634203";"W3_TZA_Tanzania-Unpaid_Leave-Time_Off_Type";"ADD";"2019/05/23";"2019/05/23";"1";"DAYS"
"TZA";"16017";"TIME_OFF_ENTRY-6-634204";"W3_TZA_Tanzania-Unpaid_Leave-Time_Off_Type";"ADD";"2019/05/28";"2019/05/28";"1";"DAYS"
"TZA";"16017";"TIME_OFF_ENTRY-6-634205";"W3_TZA_Tanzania-Unpaid_Leave-Time_Off_Type";"ADD";"2019/05/27";"2019/05/27";"1";"DAYS"
"TZA";"16017";"TIME_OFF_ENTRY-6-634206";"W3_TZA_Tanzania-Unpaid_Leave-Time_Off_Type";"ADD";"2019/05/24";"2019/05/24";"1";"DAYS"
"TZA";"16017";"TIME_OFF_ENTRY-6-634207";"W3_TZA_Tanzania-Unpaid_Leave-Time_Off_Type";"ADD";"2019/05/30";"2019/05/30";"1";"DAYS"
"TZA";"16017";"TIME_OFF_ENTRY-6-634208";"W3_TZA_Tanzania-Unpaid_Leave-Time_Off_Type";"ADD";"2019/05/29";"2019/05/29";"1";"DAYS"
"TZA";"16017";"TIME_OFF_ENTRY-6-634209";"W3_TZA_Tanzania-Annual_Leave-Time_Off_Type";"ADD";"2019/05/21";"2019/05/21";"1";"DAYS"
"TZA";"16017";"TIME_OFF_ENTRY-6-634210";"W3_TZA_Tanzania-Annual_Leave-Time_Off_Type";"ADD";"2019/05/03";"2019/05/03";"1";"DAYS"
"TZA";"16017";"TIME_OFF_ENTRY-6-634211";"W3_TZA_Tanzania-Annual_Leave-Time_Off_Type";"ADD";"2019/05/12";"2019/05/12";"1";"DAYS"
"TZA";"16017";"TIME_OFF_ENTRY-6-634212";"W3_TZA_Tanzania-Annual_Leave-Time_Off_Type";"ADD";"2019/05/13";"2019/05/13";"1";"DAYS"
"TZA";"16017";"TIME_OFF_ENTRY-6-634213";"W3_TZA_Tanzania-Annual_Leave-Time_Off_Type";"ADD";"2019/05/20";"2019/05/20";"1";"DAYS"
"TZA";"16017";"TIME_OFF_ENTRY-6-634214";"W3_TZA_Tanzania-Annual_Leave-Time_Off_Type";"ADD";"2019/05/02";"2019/05/02";"1";"DAYS"
"TZA";"16017";"TIME_OFF_ENTRY-6-634215";"W3_TZA_Tanzania-Annual_Leave-Time_Off_Type";"ADD";"2019/05/15";"2019/05/15";"1";"DAYS"
"TZA";"16017";"TIME_OFF_ENTRY-6-634216";"W3_TZA_Tanzania-Annual_Leave-Time_Off_Type";"ADD";"2019/05/06";"2019/05/06";"1";"DAYS"
"TZA";"16017";"TIME_OFF_ENTRY-6-634217";"W3_TZA_Tanzania-Annual_Leave-Time_Off_Type";"ADD";"2019/05/08";"2019/05/08";"1";"DAYS"
"TZA";"16017";"TIME_OFF_ENTRY-6-634218";"W3_TZA_Tanzania-Annual_Leave-Time_Off_Type";"ADD";"2019/05/22";"2019/05/22";"1";"DAYS"
"TZA";"16017";"TIME_OFF_ENTRY-6-634219";"W3_TZA_Tanzania-Annual_Leave-Time_Off_Type";"ADD";"2019/05/09";"2019/05/09";"1";"DAYS"
"TZA";"16017";"TIME_OFF_ENTRY-6-634220";"W3_TZA_Tanzania-Annual_Leave-Time_Off_Type";"ADD";"2019/05/04";"2019/05/04";"1";"DAYS"
"TZA";"16017";"TIME_OFF_ENTRY-6-634221";"W3_TZA_Tanzania-Annual_Leave-Time_Off_Type";"ADD";"2019/05/07";"2019/05/07";"1";"DAYS"
"TZA";"16017";"TIME_OFF_ENTRY-6-634222";"W3_TZA_Tanzania-Annual_Leave-Time_Off_Type";"ADD";"2019/05/16";"2019/05/16";"1";"DAYS"
"TZA";"16017";"TIME_OFF_ENTRY-6-634223";"W3_TZA_Tanzania-Annual_Leave-Time_Off_Type";"ADD";"2019/05/05";"2019/05/05";"1";"DAYS"
"TZA";"16017";"TIME_OFF_ENTRY-6-634224";"W3_TZA_Tanzania-Annual_Leave-Time_Off_Type";"ADD";"2019/05/11";"2019/05/11";"1";"DAYS"
"TZA";"16017";"TIME_OFF_ENTRY-6-634225";"W3_TZA_Tanzania-Annual_Leave-Time_Off_Type";"ADD";"2019/05/18";"2019/05/18";"1";"DAYS"
"TZA";"16017";"TIME_OFF_ENTRY-6-634226";"W3_TZA_Tanzania-Annual_Leave-Time_Off_Type";"ADD";"2019/05/14";"2019/05/14";"1";"DAYS"
"TZA";"16017";"TIME_OFF_ENTRY-6-634227";"W3_TZA_Tanzania-Annual_Leave-Time_Off_Type";"ADD";"2019/05/19";"2019/05/19";"1";"DAYS"
"TZA";"16017";"TIME_OFF_ENTRY-6-634228";"W3_TZA_Tanzania-Annual_Leave-Time_Off_Type";"ADD";"2019/05/17";"2019/05/17";"1";"DAYS"
"TZA";"16017";"TIME_OFF_ENTRY-6-634229";"W3_TZA_Tanzania-Annual_Leave-Time_Off_Type";"ADD";"2019/05/01";"2019/05/01";"1";"DAYS"
"TZA";"16017";"TIME_OFF_ENTRY-6-634230";"W3_TZA_Tanzania-Annual_Leave-Time_Off_Type";"ADD";"2019/05/10";"2019/05/10";"1";"DAYS"
"TZA";"16020";"LEAVE_REQUEST_EVENT-6-4763";"W3_TZA_Leave_of_Absence_(Unpaid)";"ADD";"2019/05/27";"2019/06/02";"5";"DAYS"
"TZA";"16020";"LEAVE_REQUEST_EVENT-6-4764";"W3_TZA_Long-Term_Sick";"ADD";"2019/06/17";"2019/06/23";"5";"DAYS"
"TZA";"16020";"LEAVE_REQUEST_EVENT-6-4765";"W3_TZA_Paternity_Leave";"ADD";"2019/06/24";"2019/06/30";"5";"DAYS"
"ZMB";"240002";"TIME_OFF_ENTRY-6-634231";"W3_ZMB_Zambia-Family_Responsibility-Time_Off_Type";"ADD";"2019/06/13";"2019/06/13";"1";"DAYS"
"ZMB";"240002";"TIME_OFF_ENTRY-6-634232";"W3_ZMB_Zambia-Family_Responsibility-Time_Off_Type";"ADD";"2019/06/12";"2019/06/12";"1";"DAYS"
"ZMB";"240002";"TIME_OFF_ENTRY-6-634233";"W3_ZMB_Zambia-Family_Responsibility-Time_Off_Type";"ADD";"2019/06/14";"2019/06/14";"1";"DAYS"
"ZMB";"240002";"TIME_OFF_ENTRY-6-634234";"W3_ZMB_Zambia-Study/Exam_Leave-Time_Off_Type";"ADD";"2019/06/06";"2019/06/06";"1";"DAYS"
"ZMB";"240002";"TIME_OFF_ENTRY-6-634235";"W3_ZMB_Zambia-Study/Exam_Leave-Time_Off_Type";"ADD";"2019/06/07";"2019/06/07";"1";"DAYS"
"ZMB";"240002";"TIME_OFF_ENTRY-6-634236";"W3_ZMB_Zambia-Study/Exam_Leave-Time_Off_Type";"ADD";"2019/06/05";"2019/06/05";"1";"DAYS"
"ZMB";"240002";"TIME_OFF_ENTRY-6-634237";"W3_ZMB_Zambia-Sick_Leave-Time_Off_Type";"ADD";"2019/06/04";"2019/06/04";"1";"DAYS"
"ZMB";"240002";"TIME_OFF_ENTRY-6-634238";"W3_ZMB_Zambia-Sick_Leave-Time_Off_Type";"ADD";"2019/06/03";"2019/06/03";"1";"DAYS"
"ZMB";"240002";"TIME_OFF_ENTRY-6-634239";"W3_ZMB_Zambia-Unpaid_Leave-Time_Off_Type";"ADD";"2019/05/20";"2019/05/20";"1";"DAYS"
"ZMB";"240002";"TIME_OFF_ENTRY-6-634240";"W3_ZMB_Zambia-Unpaid_Leave-Time_Off_Type";"ADD";"2019/05/23";"2019/05/23";"1";"DAYS"
"ZMB";"240002";"TIME_OFF_ENTRY-6-634241";"W3_ZMB_Zambia-Unpaid_Leave-Time_Off_Type";"ADD";"2019/05/21";"2019/05/21";"1";"DAYS"
"ZMB";"240002";"TIME_OFF_ENTRY-6-634242";"W3_ZMB_Zambia-Unpaid_Leave-Time_Off_Type";"ADD";"2019/05/22";"2019/05/22";"1";"DAYS"
"ZMB";"240002";"TIME_OFF_ENTRY-6-634243";"W3_ZMB_Zambia-Annual_Leave-Time_Off_Type";"ADD";"2019/05/15";"2019/05/15";"1";"DAYS"
"ZMB";"240002";"TIME_OFF_ENTRY-6-634244";"W3_ZMB_Zambia-Annual_Leave-Time_Off_Type";"ADD";"2019/05/14";"2019/05/14";"1";"DAYS"
"ZMB";"240002";"TIME_OFF_ENTRY-6-634245";"W3_ZMB_Zambia-Annual_Leave-Time_Off_Type";"ADD";"2019/05/16";"2019/05/16";"1";"DAYS"
"ZMB";"240002";"TIME_OFF_ENTRY-6-634246";"W3_ZMB_Zambia-Annual_Leave-Time_Off_Type";"ADD";"2019/05/17";"2019/05/17";"1";"DAYS"
"ZMB";"240002";"TIME_OFF_ENTRY-6-634247";"W3_ZMB_Zambia-Annual_Leave-Time_Off_Type";"ADD";"2019/05/13";"2019/05/13";"1";"DAYS"
